Year,Cause of Death,Description
2000,Diseases,"Outbreak of seasonal influenza places strain on hospitals and increases elderly mortality."
2001,Mental Health,"Awareness campaigns begin addressing youth suicide, following concerning upward trends."
2002,External Sources,"Mass flooding in eastern states contributes to accidental deaths and infrastructure collapse."
2003,Diseases,"Significant heatwave across Australia leading to increased cardiovascular deaths."
2004,Other,"Improved reporting mechanisms reveal undercounted deaths in rural and remote Indigenous communities."
2005,Neoplasms,"Discovery of a new gene marker improves melanoma detection in Australian populations."
2006,External Sources,"Spike in road traffic accidents attributed to mobile phone distraction and driver fatigue."
2007,External Sources,"Severe bushfire season in Australia leads to a surge in direct and indirect deaths."
2008,Mental Health,"Recession-related job losses linked to a national increase in depression and self-harm cases."
2009,Diseases,"H1N1 (Swine Flu) pandemic increases respiratory illness-related deaths among high-risk groups."
2010,Neoplasms,"Introduction of HPV vaccination programs begins to reduce cervical cancer risks."
2011,Diseases,"Rising diabetes-related complications contribute to increased renal and circulatory-related deaths."
2012,Other,"Substance abuse-related deaths increase, particularly related to synthetic drugs and opioids."
2013,Mental Health,"Veteran suicide rates begin rising, prompting new federal intervention programs."
2014,External Sources,"Thunderstorm asthma event in Melbourne causes a sudden surge in emergency room admissions and deaths."
2015,Neoplasms,"National health initiative launched to improve early cancer detection and treatment."
2016,Diseases,"Hospital readmission data reveals growing issues with antibiotic-resistant infections."
2017,Other,"Workplace-related fatalities rise in rural areas due to inadequate safety compliance enforcement."
2018,Mental Health,"Spike in mental health emergency calls linked to social media stress and cyberbullying."
2019,Diseases,"Increased public awareness and funding for neurological research leads to better diagnosis rates."
2020,Diseases,"Global COVID-19 pandemic impacts respiratory health worldwide, leading to increased deaths."
2021,External Sources,"Extended lockdowns and reduced outdoor activity linked to rise in domestic accidents."
2022,Diseases,"Aging population and lifestyle changes contribute to a continued rise in heart disease-related deaths."
